ID,Name,Age,City,Email
1,John Doe,28,New York,johndoe1@example.com
2,Jane Smith,35,Los Angeles,janesmith2@example.com
3,Michael Brown,22,Chicago,michaelbrown3@example.com
4,Sarah Davis,30,Houston,sarahdavis4@example.com
5,William Johnson,40,Phoenix,williamjohnson5@example.com
3,Chris Evans,29,Seattle,chrisevans6@example.com
2,Olivia Brown,24,Miami,oliviabrown7@example.com
6,Liam Johnson,31,Dallas,liamjohnson8@example.com
7,Emma Wilson,27,Boston,emmawilson9@example.com
5,Noah Miller,33,Austin,noahmiller10@example.com
